publication,region,audience,why_relevant,contact_route,placement_note,verified_on
MedTech Dive,United States/global,"medical-device executives and operators","covers medical-device business and technology; selective launch angle must show industry consequence",https://www.medtechdive.com/submit-tip/,Editorial tip route; paid options are separate,2026-08-13
Medical Device Network,Global,"medical-device industry readers","fit for medtech business and technology platform news",https://www.medicaldevice-network.com/contact-us/,Editorial enquiries and advertising are distinct,2026-08-13
MedTech Europe Media Centre,Europe,"European medtech companies and associations","sector association context; stronger fit for substantive procurement insight than a generic launch",https://www.medtecheurope.org/media-centre/,Association/editorial relevance; membership rules may apply,2026-08-13
MED engineering international,Germany/Europe,"medical-technology manufacturers and suppliers","manufacturer/supplier audience overlaps with MedicHall; pitch workflow insight rather than consumer health",https://med-eng.de/international/,Editorial and media-sales contacts are separate,2026-08-13
DeviceMed,Germany/Europe,"medical-device manufacturers and supply industry","manufacturer and supplier focus; potential founder/product workflow story",https://www.devicemed.de/kontakt/,Confirm current editorial section before pitching,2026-08-13
Med-Tech Innovation,United Kingdom/Europe,"medical technology manufacturing and innovation","relevant to medical manufacturing and digital B2B workflow",https://www.med-technews.com/contact-us/,Editorial and commercial routes should not be confused,2026-08-13
MassDevice,United States/global,"medical-device business audience","large device-industry readership; beta launch alone may be too weak without user evidence",https://www.massdevice.com/contact-us/,Editorial discretion; no paid placement recommended,2026-08-13
Healthcare Purchasing News,United States/global,"healthcare supply chain and procurement","relevant if the story focuses on procurement discovery/RFQ workflow",https://www.hpnonline.com/contact-us,Validate geographic fit before outreach,2026-08-13
EU-Startups,Europe,"European founders and investors","European startup/open-beta angle and founder interview potential",https://www.eu-startups.com/about/,Editorial news route; pitch must be timely and factual,2026-08-13
EU Startup News,Europe,"startup ecosystem","accepts startup story pitches through its contact route",https://eustartup.news/contact/,Editorial and advertising routes both exist; do not buy by default,2026-08-13
The Startup Media Group,Global,"founders and startup operators","explicit story submission form for launches and founder journeys",https://thestartup.media/get-in-touch/submit,Free editorial review; no guarantee of publication,2026-08-13
Startups.watch,Türkiye/Europe,"Turkish startup ecosystem and investors","home-market startup and data audience; stronger with measurable beta milestones",https://startups.watch/contact,Confirm current editorial intake,2026-08-13
e-girişim,Türkiye,"Turkish technology and startup audience","local founder/open-beta story relevance",https://egirisim.com/iletisim/,Distinguish editorial pitch from sponsorship,2026-08-13
StartupMedya,Türkiye,"Turkish founders and startup readers","local launch and founder story opportunity",https://www.startupmedya.com/contact.html,Confirm editorial terms before sending,2026-08-13
Industry Europe,Europe,"European industrial companies","medical manufacturing and European procurement technology angle",https://industryeurope.com/News,News submission route; verify editorial fit,2026-08-13
